Model,MAE,MSE,RMSE,R2
Random Forest,0.4657975699164355,0.30765038508849524,0.5546624064135727,0.1602328091392139
XGBoost Regressor,0.447713174208519,0.37066074910724234,0.6088191431839527,-0.011761243044137615
SVR,0.5064721761840636,0.3861820046956906,0.6214354388797686,-0.05412829940388897
Linear Regression,0.5672984307167938,0.4563930797107961,0.6755687083567415,-0.2457775223222709
Decision Tree,0.5652775520990099,0.6257928244575529,0.7910706823397976,-0.7081736533643246
