Model,MAE,MSE,RMSE,R2
XGBoost Regressor,3.4045807353973387,18.153396088526673,4.260680237770335,0.7682934553792707
Linear Regression,3.4372048637698445,18.57269567004817,4.309605048034932,0.7629415941230363
Random Forest,3.4267865,18.584935702499997,4.311024901633021,0.7627853646433495
Decision Tree,5.031499999999999,39.663,6.297856778301647,0.49374890326442167
